node_id,partner_status,partner_id,partner_candidate_ids,signature_without_dual_equal,stored_edges_between_pair,semantic_op_dual_edges,involution_test,self_duality
14,UNIQUE_SIGNATURE_PARTNER,16,"[""16""]",true,"[{""id"":""7738"",""source_id"":""14"",""target_id"":""16"",""operator"":""snapshot_v6:0036"",""paths"":2,""source_signature"":{""kind"":""INTEGER"",""dim"":0,""recurrence_order"":0,""factor"":""—"",""symmetry"":null,""sq"":null,""anti"":null,""multiplicity"":1,""boundary_condition"":null,""occupancy"":null,""dual"":1},""target_signature"":{""kind"":""INTEGER"",""dim"":0,""recurrence_order"":0,""factor"":""—"",""symmetry"":null,""sq"":null,""anti"":null,""multiplicity"":1,""boundary_condition"":null,""occupancy"":null,""dual"":0},""provenance_class"":""SNAPSHOT_IDENTIFIER_ONLY""},{""id"":""7912"",""source_id"":""16"",""target_id"":""14"",""operator"":""snapshot_v6:0239"",""paths"":1,""source_signature"":{""kind"":""INTEGER"",""dim"":0,""recurrence_order"":0,""factor"":""—"",""symmetry"":null,""sq"":null,""anti"":null,""multiplicity"":1,""boundary_condition"":null,""occupancy"":null,""dual"":0},""target_signature"":{""kind"":""INTEGER"",""dim"":0,""recurrence_order"":0,""factor"":""—"",""symmetry"":null,""sq"":null,""anti"":null,""multiplicity"":1,""boundary_condition"":null,""occupancy"":null,""dual"":1},""provenance_class"":""SNAPSHOT_IDENTIFIER_ONLY""}]",[],NOT_VERIFIABLE_FROM_SNAPSHOT,NOT_EVALUATED
17,UNIQUE_SIGNATURE_PARTNER,13,"[""13""]",true,[],[],NOT_VERIFIABLE_FROM_SNAPSHOT,NOT_EVALUATED
18,UNIQUE_SIGNATURE_PARTNER,21,"[""21""]",true,[],[],NOT_VERIFIABLE_FROM_SNAPSHOT,NOT_EVALUATED
33,UNIQUE_SIGNATURE_PARTNER,32,"[""32""]",true,"[{""id"":""7771"",""source_id"":""32"",""target_id"":""33"",""operator"":""snapshot_v6:0078"",""paths"":15,""source_signature"":{""kind"":""BUNDLE"",""dim"":1,""recurrence_order"":0,""factor"":""2pi"",""symmetry"":null,""sq"":null,""anti"":null,""multiplicity"":1,""boundary_condition"":null,""occupancy"":null,""dual"":0},""target_signature"":{""kind"":""BUNDLE"",""dim"":1,""recurrence_order"":0,""factor"":""2pi"",""symmetry"":null,""sq"":null,""anti"":null,""multiplicity"":1,""boundary_condition"":null,""occupancy"":null,""dual"":1},""provenance_class"":""SNAPSHOT_IDENTIFIER_ONLY""},{""id"":""7960"",""source_id"":""33"",""target_id"":""32"",""operator"":""snapshot_v6:0318"",""paths"":1,""source_signature"":{""kind"":""BUNDLE"",""dim"":1,""recurrence_order"":0,""factor"":""2pi"",""symmetry"":null,""sq"":null,""anti"":null,""multiplicity"":1,""boundary_condition"":null,""occupancy"":null,""dual"":1},""target_signature"":{""kind"":""BUNDLE"",""dim"":1,""recurrence_order"":0,""factor"":""2pi"",""symmetry"":null,""sq"":null,""anti"":null,""multiplicity"":1,""boundary_condition"":null,""occupancy"":null,""dual"":0},""provenance_class"":""SNAPSHOT_IDENTIFIER_ONLY""}]",[],NOT_VERIFIABLE_FROM_SNAPSHOT,NOT_EVALUATED
37,UNIQUE_SIGNATURE_PARTNER,35,"[""35""]",true,[],[],NOT_VERIFIABLE_FROM_SNAPSHOT,NOT_EVALUATED
38,UNIQUE_SIGNATURE_PARTNER,36,"[""36""]",true,[],[],NOT_VERIFIABLE_FROM_SNAPSHOT,NOT_EVALUATED
42,UNIQUE_SIGNATURE_PARTNER,41,"[""41""]",true,"[{""id"":""8001"",""source_id"":""41"",""target_id"":""42"",""operator"":""snapshot_v6:0376"",""paths"":3,""source_signature"":{""kind"":""BUNDLE"",""dim"":1,""recurrence_order"":0,""factor"":""2pi"",""symmetry"":""S+a"",""sq"":null,""anti"":null,""multiplicity"":1,""boundary_condition"":null,""occupancy"":null,""dual"":0},""target_signature"":{""kind"":""BUNDLE"",""dim"":1,""recurrence_order"":0,""factor"":""2pi"",""symmetry"":""S+a"",""sq"":null,""anti"":null,""multiplicity"":1,""boundary_condition"":null,""occupancy"":null,""dual"":1},""provenance_class"":""SNAPSHOT_IDENTIFIER_ONLY""}]",[],NOT_VERIFIABLE_FROM_SNAPSHOT,NOT_EVALUATED
47,UNIQUE_SIGNATURE_PARTNER,46,"[""46""]",true,"[{""id"":""8035"",""source_id"":""46"",""target_id"":""47"",""operator"":""snapshot_v6:0419"",""paths"":3,""source_signature"":{""kind"":""BUNDLE"",""dim"":1,""recurrence_order"":0,""factor"":""2pi"",""symmetry"":""S-a"",""sq"":null,""anti"":null,""multiplicity"":2,""boundary_condition"":null,""occupancy"":null,""dual"":0},""target_signature"":{""kind"":""BUNDLE"",""dim"":1,""recurrence_order"":0,""factor"":""2pi"",""symmetry"":""S-a"",""sq"":null,""anti"":null,""multiplicity"":2,""boundary_condition"":null,""occupancy"":null,""dual"":1},""provenance_class"":""SNAPSHOT_IDENTIFIER_ONLY""}]",[],NOT_VERIFIABLE_FROM_SNAPSHOT,NOT_EVALUATED
53,UNIQUE_SIGNATURE_PARTNER,51,"[""51""]",true,"[{""id"":""8065"",""source_id"":""51"",""target_id"":""53"",""operator"":""snapshot_v6:0457"",""paths"":1,""source_signature"":{""kind"":""BUNDLE"",""dim"":1,""recurrence_order"":0,""factor"":""pi"",""symmetry"":null,""sq"":null,""anti"":null,""multiplicity"":1,""boundary_condition"":""D"",""occupancy"":null,""dual"":0},""target_signature"":{""kind"":""BUNDLE"",""dim"":1,""recurrence_order"":0,""factor"":""pi"",""symmetry"":null,""sq"":null,""anti"":null,""multiplicity"":1,""boundary_condition"":""D"",""occupancy"":null,""dual"":1},""provenance_class"":""SNAPSHOT_IDENTIFIER_ONLY""}]",[],NOT_VERIFIABLE_FROM_SNAPSHOT,NOT_EVALUATED
55,UNIQUE_SIGNATURE_PARTNER,52,"[""52""]",true,"[{""id"":""8080"",""source_id"":""52"",""target_id"":""55"",""operator"":""snapshot_v6:0476"",""paths"":1,""source_signature"":{""kind"":""BUNDLE"",""dim"":1,""recurrence_order"":0,""factor"":""pi"",""symmetry"":null,""sq"":null,""anti"":null,""multiplicity"":1,""boundary_condition"":""N"",""occupancy"":null,""dual"":0},""target_signature"":{""kind"":""BUNDLE"",""dim"":1,""recurrence_order"":0,""factor"":""pi"",""symmetry"":null,""sq"":null,""anti"":null,""multiplicity"":1,""boundary_condition"":""N"",""occupancy"":null,""dual"":1},""provenance_class"":""SNAPSHOT_IDENTIFIER_ONLY""}]",[],NOT_VERIFIABLE_FROM_SNAPSHOT,NOT_EVALUATED
62,UNIQUE_SIGNATURE_PARTNER,61,"[""61""]",true,"[{""id"":""7997"",""source_id"":""61"",""target_id"":""62"",""operator"":""snapshot_v6:0371"",""paths"":2,""source_signature"":{""kind"":""BUNDLE"",""dim"":1,""recurrence_order"":0,""factor"":""pi"",""symmetry"":""S+a"",""sq"":null,""anti"":null,""multiplicity"":1,""boundary_condition"":null,""occupancy"":null,""dual"":0},""target_signature"":{""kind"":""BUNDLE"",""dim"":1,""recurrence_order"":0,""factor"":""pi"",""symmetry"":""S+a"",""sq"":null,""anti"":null,""multiplicity"":1,""boundary_condition"":null,""occupancy"":null,""dual"":1},""provenance_class"":""SNAPSHOT_IDENTIFIER_ONLY""}]",[],NOT_VERIFIABLE_FROM_SNAPSHOT,NOT_EVALUATED
68,UNIQUE_SIGNATURE_PARTNER,66,"[""66""]",true,"[{""id"":""8027"",""source_id"":""66"",""target_id"":""68"",""operator"":""snapshot_v6:0409"",""paths"":1,""source_signature"":{""kind"":""BUNDLE"",""dim"":1,""recurrence_order"":0,""factor"":""pi"",""symmetry"":""S-a"",""sq"":null,""anti"":null,""multiplicity"":1,""boundary_condition"":null,""occupancy"":null,""dual"":0},""target_signature"":{""kind"":""BUNDLE"",""dim"":1,""recurrence_order"":0,""factor"":""pi"",""symmetry"":""S-a"",""sq"":null,""anti"":null,""multiplicity"":1,""boundary_condition"":null,""occupancy"":null,""dual"":1},""provenance_class"":""SNAPSHOT_IDENTIFIER_ONLY""}]",[],NOT_VERIFIABLE_FROM_SNAPSHOT,NOT_EVALUATED
70,UNIQUE_SIGNATURE_PARTNER,67,"[""67""]",true,"[{""id"":""8050"",""source_id"":""67"",""target_id"":""70"",""operator"":""snapshot_v6:0438"",""paths"":1,""source_signature"":{""kind"":""BUNDLE"",""dim"":1,""recurrence_order"":0,""factor"":""pi"",""symmetry"":""S-a"",""sq"":null,""anti"":null,""multiplicity"":2,""boundary_condition"":null,""occupancy"":null,""dual"":0},""target_signature"":{""kind"":""BUNDLE"",""dim"":1,""recurrence_order"":0,""factor"":""pi"",""symmetry"":""S-a"",""sq"":null,""anti"":null,""multiplicity"":2,""boundary_condition"":null,""occupancy"":null,""dual"":1},""provenance_class"":""SNAPSHOT_IDENTIFIER_ONLY""}]",[],NOT_VERIFIABLE_FROM_SNAPSHOT,NOT_EVALUATED
77,UNIQUE_SIGNATURE_PARTNER,76,"[""76""]",true,"[{""id"":""7712"",""source_id"":""76"",""target_id"":""77"",""operator"":""snapshot_v6:0004"",""paths"":2,""source_signature"":{""kind"":""CYCLE"",""dim"":1,""recurrence_order"":0,""factor"":""2pi"",""symmetry"":null,""sq"":null,""anti"":null,""multiplicity"":1,""boundary_condition"":null,""occupancy"":null,""dual"":0},""target_signature"":{""kind"":""CYCLE"",""dim"":1,""recurrence_order"":0,""factor"":""2pi"",""symmetry"":null,""sq"":null,""anti"":null,""multiplicity"":1,""boundary_condition"":null,""occupancy"":null,""dual"":1},""provenance_class"":""SNAPSHOT_IDENTIFIER_ONLY""},{""id"":""7737"",""source_id"":""77"",""target_id"":""76"",""operator"":""snapshot_v6:0033"",""paths"":3,""source_signature"":{""kind"":""CYCLE"",""dim"":1,""recurrence_order"":0,""factor"":""2pi"",""symmetry"":null,""sq"":null,""anti"":null,""multiplicity"":1,""boundary_condition"":null,""occupancy"":null,""dual"":1},""target_signature"":{""kind"":""CYCLE"",""dim"":1,""recurrence_order"":0,""factor"":""2pi"",""symmetry"":null,""sq"":null,""anti"":null,""multiplicity"":1,""boundary_condition"":null,""occupancy"":null,""dual"":0},""provenance_class"":""SNAPSHOT_IDENTIFIER_ONLY""}]",[],NOT_VERIFIABLE_FROM_SNAPSHOT,NOT_EVALUATED
81,UNIQUE_SIGNATURE_PARTNER,79,"[""79""]",true,[],[],NOT_VERIFIABLE_FROM_SNAPSHOT,NOT_EVALUATED
82,UNIQUE_SIGNATURE_PARTNER,80,"[""80""]",true,[],[],NOT_VERIFIABLE_FROM_SNAPSHOT,NOT_EVALUATED
86,UNIQUE_SIGNATURE_PARTNER,85,"[""85""]",true,"[{""id"":""7744"",""source_id"":""85"",""target_id"":""86"",""operator"":""snapshot_v6:0043"",""paths"":6,""source_signature"":{""kind"":""CYCLE"",""dim"":1,""recurrence_order"":0,""factor"":""2pi"",""symmetry"":""S+a"",""sq"":null,""anti"":null,""multiplicity"":1,""boundary_condition"":null,""occupancy"":null,""dual"":0},""target_signature"":{""kind"":""CYCLE"",""dim"":1,""recurrence_order"":0,""factor"":""2pi"",""symmetry"":""S+a"",""sq"":null,""anti"":null,""multiplicity"":1,""boundary_condition"":null,""occupancy"":null,""dual"":1},""provenance_class"":""SNAPSHOT_IDENTIFIER_ONLY""},{""id"":""7924"",""source_id"":""86"",""target_id"":""85"",""operator"":""snapshot_v6:0258"",""paths"":1,""source_signature"":{""kind"":""CYCLE"",""dim"":1,""recurrence_order"":0,""factor"":""2pi"",""symmetry"":""S+a"",""sq"":null,""anti"":null,""multiplicity"":1,""boundary_condition"":null,""occupancy"":null,""dual"":1},""target_signature"":{""kind"":""CYCLE"",""dim"":1,""recurrence_order"":0,""factor"":""2pi"",""symmetry"":""S+a"",""sq"":null,""anti"":null,""multiplicity"":1,""boundary_condition"":null,""occupancy"":null,""dual"":0},""provenance_class"":""SNAPSHOT_IDENTIFIER_ONLY""},{""id"":""8243"",""source_id"":""86"",""target_id"":""85"",""operator"":""snapshot_v6:0693"",""paths"":1,""source_signature"":{""kind"":""CYCLE"",""dim"":1,""recurrence_order"":0,""factor"":""2pi"",""symmetry"":""S+a"",""sq"":null,""anti"":null,""multiplicity"":1,""boundary_condition"":null,""occupancy"":null,""dual"":1},""target_signature"":{""kind"":""CYCLE"",""dim"":1,""recurrence_order"":0,""factor"":""2pi"",""symmetry"":""S+a"",""sq"":null,""anti"":null,""multiplicity"":1,""boundary_condition"":null,""occupancy"":null,""dual"":0},""provenance_class"":""SNAPSHOT_IDENTIFIER_ONLY""}]",[],NOT_VERIFIABLE_FROM_SNAPSHOT,NOT_EVALUATED
90,UNIQUE_SIGNATURE_PARTNER,88,"[""88""]",true,[],[],NOT_VERIFIABLE_FROM_SNAPSHOT,NOT_EVALUATED
91,UNIQUE_SIGNATURE_PARTNER,89,"[""89""]",true,[],[],NOT_VERIFIABLE_FROM_SNAPSHOT,NOT_EVALUATED
95,UNIQUE_SIGNATURE_PARTNER,94,"[""94""]",true,"[{""id"":""7750"",""source_id"":""94"",""target_id"":""95"",""operator"":""snapshot_v6:0051"",""paths"":6,""source_signature"":{""kind"":""CYCLE"",""dim"":1,""recurrence_order"":0,""factor"":""2pi"",""symmetry"":""S-a"",""sq"":null,""anti"":null,""multiplicity"":2,""boundary_condition"":null,""occupancy"":null,""dual"":0},""target_signature"":{""kind"":""CYCLE"",""dim"":1,""recurrence_order"":0,""factor"":""2pi"",""symmetry"":""S-a"",""sq"":null,""anti"":null,""multiplicity"":2,""boundary_condition"":null,""occupancy"":null,""dual"":1},""provenance_class"":""SNAPSHOT_IDENTIFIER_ONLY""},{""id"":""7936"",""source_id"":""95"",""target_id"":""94"",""operator"":""snapshot_v6:0278"",""paths"":1,""source_signature"":{""kind"":""CYCLE"",""dim"":1,""recurrence_order"":0,""factor"":""2pi"",""symmetry"":""S-a"",""sq"":null,""anti"":null,""multiplicity"":2,""boundary_condition"":null,""occupancy"":null,""dual"":1},""target_signature"":{""kind"":""CYCLE"",""dim"":1,""recurrence_order"":0,""factor"":""2pi"",""symmetry"":""S-a"",""sq"":null,""anti"":null,""multiplicity"":2,""boundary_condition"":null,""occupancy"":null,""dual"":0},""provenance_class"":""SNAPSHOT_IDENTIFIER_ONLY""}]",[],NOT_VERIFIABLE_FROM_SNAPSHOT,NOT_EVALUATED
99,UNIQUE_SIGNATURE_PARTNER,97,"[""97""]",true,[],[],NOT_VERIFIABLE_FROM_SNAPSHOT,NOT_EVALUATED
100,UNIQUE_SIGNATURE_PARTNER,98,"[""98""]",true,[],[],NOT_VERIFIABLE_FROM_SNAPSHOT,NOT_EVALUATED
105,UNIQUE_SIGNATURE_PARTNER,103,"[""103""]",true,"[{""id"":""7753"",""source_id"":""103"",""target_id"":""105"",""operator"":""snapshot_v6:0055"",""paths"":7,""source_signature"":{""kind"":""CYCLE"",""dim"":1,""recurrence_order"":0,""factor"":""pi"",""symmetry"":null,""sq"":null,""anti"":null,""multiplicity"":1,""boundary_condition"":""D"",""occupancy"":null,""dual"":0},""target_signature"":{""kind"":""CYCLE"",""dim"":1,""recurrence_order"":0,""factor"":""pi"",""symmetry"":null,""sq"":null,""anti"":null,""multiplicity"":1,""boundary_condition"":""D"",""occupancy"":null,""dual"":1},""provenance_class"":""SNAPSHOT_IDENTIFIER_ONLY""},{""id"":""7942"",""source_id"":""105"",""target_id"":""103"",""operator"":""snapshot_v6:0288"",""paths"":1,""source_signature"":{""kind"":""CYCLE"",""dim"":1,""recurrence_order"":0,""factor"":""pi"",""symmetry"":null,""sq"":null,""anti"":null,""multiplicity"":1,""boundary_condition"":""D"",""occupancy"":null,""dual"":1},""target_signature"":{""kind"":""CYCLE"",""dim"":1,""recurrence_order"":0,""factor"":""pi"",""symmetry"":null,""sq"":null,""anti"":null,""multiplicity"":1,""boundary_condition"":""D"",""occupancy"":null,""dual"":0},""provenance_class"":""SNAPSHOT_IDENTIFIER_ONLY""}]",[],NOT_VERIFIABLE_FROM_SNAPSHOT,NOT_EVALUATED
107,UNIQUE_SIGNATURE_PARTNER,104,"[""104""]",true,"[{""id"":""7756"",""source_id"":""104"",""target_id"":""107"",""operator"":""snapshot_v6:0059"",""paths"":7,""source_signature"":{""kind"":""CYCLE"",""dim"":1,""recurrence_order"":0,""factor"":""pi"",""symmetry"":null,""sq"":null,""anti"":null,""multiplicity"":1,""boundary_condition"":""N"",""occupancy"":null,""dual"":0},""target_signature"":{""kind"":""CYCLE"",""dim"":1,""recurrence_order"":0,""factor"":""pi"",""symmetry"":null,""sq"":null,""anti"":null,""multiplicity"":1,""boundary_condition"":""N"",""occupancy"":null,""dual"":1},""provenance_class"":""SNAPSHOT_IDENTIFIER_ONLY""},{""id"":""7948"",""source_id"":""107"",""target_id"":""104"",""operator"":""snapshot_v6:0298"",""paths"":1,""source_signature"":{""kind"":""CYCLE"",""dim"":1,""recurrence_order"":0,""factor"":""pi"",""symmetry"":null,""sq"":null,""anti"":null,""multiplicity"":1,""boundary_condition"":""N"",""occupancy"":null,""dual"":1},""target_signature"":{""kind"":""CYCLE"",""dim"":1,""recurrence_order"":0,""factor"":""pi"",""symmetry"":null,""sq"":null,""anti"":null,""multiplicity"":1,""boundary_condition"":""N"",""occupancy"":null,""dual"":0},""provenance_class"":""SNAPSHOT_IDENTIFIER_ONLY""}]",[],NOT_VERIFIABLE_FROM_SNAPSHOT,NOT_EVALUATED
113,UNIQUE_SIGNATURE_PARTNER,109,"[""109""]",true,[],[],NOT_VERIFIABLE_FROM_SNAPSHOT,NOT_EVALUATED
114,UNIQUE_SIGNATURE_PARTNER,110,"[""110""]",true,[],[],NOT_VERIFIABLE_FROM_SNAPSHOT,NOT_EVALUATED
117,UNIQUE_SIGNATURE_PARTNER,111,"[""111""]",true,[],[],NOT_VERIFIABLE_FROM_SNAPSHOT,NOT_EVALUATED
118,UNIQUE_SIGNATURE_PARTNER,112,"[""112""]",true,[],[],NOT_VERIFIABLE_FROM_SNAPSHOT,NOT_EVALUATED
122,UNIQUE_SIGNATURE_PARTNER,121,"[""121""]",true,"[{""id"":""7741"",""source_id"":""121"",""target_id"":""122"",""operator"":""snapshot_v6:0039"",""paths"":11,""source_signature"":{""kind"":""CYCLE"",""dim"":1,""recurrence_order"":0,""factor"":""pi"",""symmetry"":""S+a"",""sq"":null,""anti"":null,""multiplicity"":1,""boundary_condition"":null,""occupancy"":null,""dual"":0},""target_signature"":{""kind"":""CYCLE"",""dim"":1,""recurrence_order"":0,""factor"":""pi"",""symmetry"":""S+a"",""sq"":null,""anti"":null,""multiplicity"":1,""boundary_condition"":null,""occupancy"":null,""dual"":1},""provenance_class"":""SNAPSHOT_IDENTIFIER_ONLY""},{""id"":""7918"",""source_id"":""122"",""target_id"":""121"",""operator"":""snapshot_v6:0248"",""paths"":1,""source_signature"":{""kind"":""CYCLE"",""dim"":1,""recurrence_order"":0,""factor"":""pi"",""symmetry"":""S+a"",""sq"":null,""anti"":null,""multiplicity"":1,""boundary_condition"":null,""occupancy"":null,""dual"":1},""target_signature"":{""kind"":""CYCLE"",""dim"":1,""recurrence_order"":0,""factor"":""pi"",""symmetry"":""S+a"",""sq"":null,""anti"":null,""multiplicity"":1,""boundary_condition"":null,""occupancy"":null,""dual"":0},""provenance_class"":""SNAPSHOT_IDENTIFIER_ONLY""},{""id"":""8224"",""source_id"":""122"",""target_id"":""121"",""operator"":""snapshot_v6:0665"",""paths"":1,""source_signature"":{""kind"":""CYCLE"",""dim"":1,""recurrence_order"":0,""factor"":""pi"",""symmetry"":""S+a"",""sq"":null,""anti"":null,""multiplicity"":1,""boundary_condition"":null,""occupancy"":null,""dual"":1},""target_signature"":{""kind"":""CYCLE"",""dim"":1,""recurrence_order"":0,""factor"":""pi"",""symmetry"":""S+a"",""sq"":null,""anti"":null,""multiplicity"":1,""boundary_condition"":null,""occupancy"":null,""dual"":0},""provenance_class"":""SNAPSHOT_IDENTIFIER_ONLY""}]",[],NOT_VERIFIABLE_FROM_SNAPSHOT,NOT_EVALUATED
126,UNIQUE_SIGNATURE_PARTNER,124,"[""124""]",true,[],[],NOT_VERIFIABLE_FROM_SNAPSHOT,NOT_EVALUATED
127,UNIQUE_SIGNATURE_PARTNER,125,"[""125""]",true,[],[],NOT_VERIFIABLE_FROM_SNAPSHOT,NOT_EVALUATED
131,UNIQUE_SIGNATURE_PARTNER,130,"[""130""]",true,"[{""id"":""7747"",""source_id"":""130"",""target_id"":""131"",""operator"":""snapshot_v6:0047"",""paths"":11,""source_signature"":{""kind"":""CYCLE"",""dim"":1,""recurrence_order"":0,""factor"":""pi"",""symmetry"":""S-a"",""sq"":null,""anti"":null,""multiplicity"":1,""boundary_condition"":null,""occupancy"":null,""dual"":0},""target_signature"":{""kind"":""CYCLE"",""dim"":1,""recurrence_order"":0,""factor"":""pi"",""symmetry"":""S-a"",""sq"":null,""anti"":null,""multiplicity"":1,""boundary_condition"":null,""occupancy"":null,""dual"":1},""provenance_class"":""SNAPSHOT_IDENTIFIER_ONLY""},{""id"":""7930"",""source_id"":""131"",""target_id"":""130"",""operator"":""snapshot_v6:0268"",""paths"":1,""source_signature"":{""kind"":""CYCLE"",""dim"":1,""recurrence_order"":0,""factor"":""pi"",""symmetry"":""S-a"",""sq"":null,""anti"":null,""multiplicity"":1,""boundary_condition"":null,""occupancy"":null,""dual"":1},""target_signature"":{""kind"":""CYCLE"",""dim"":1,""recurrence_order"":0,""factor"":""pi"",""symmetry"":""S-a"",""sq"":null,""anti"":null,""multiplicity"":1,""boundary_condition"":null,""occupancy"":null,""dual"":0},""provenance_class"":""SNAPSHOT_IDENTIFIER_ONLY""},{""id"":""8265"",""source_id"":""131"",""target_id"":""130"",""operator"":""snapshot_v6:0727"",""paths"":1,""source_signature"":{""kind"":""CYCLE"",""dim"":1,""recurrence_order"":0,""factor"":""pi"",""symmetry"":""S-a"",""sq"":null,""anti"":null,""multiplicity"":1,""boundary_condition"":null,""occupancy"":null,""dual"":1},""target_signature"":{""kind"":""CYCLE"",""dim"":1,""recurrence_order"":0,""factor"":""pi"",""symmetry"":""S-a"",""sq"":null,""anti"":null,""multiplicity"":1,""boundary_condition"":null,""occupancy"":null,""dual"":0},""provenance_class"":""SNAPSHOT_IDENTIFIER_ONLY""}]",[],NOT_VERIFIABLE_FROM_SNAPSHOT,NOT_EVALUATED
136,UNIQUE_SIGNATURE_PARTNER,133,"[""133""]",true,"[{""id"":""7982"",""source_id"":""133"",""target_id"":""136"",""operator"":""snapshot_v6:0352"",""paths"":4,""source_signature"":{""kind"":""CYCLE"",""dim"":1,""recurrence_order"":0,""factor"":""pi"",""symmetry"":""S-a"",""sq"":null,""anti"":null,""multiplicity"":2,""boundary_condition"":null,""occupancy"":null,""dual"":0},""target_signature"":{""kind"":""CYCLE"",""dim"":1,""recurrence_order"":0,""factor"":""pi"",""symmetry"":""S-a"",""sq"":null,""anti"":null,""multiplicity"":2,""boundary_condition"":null,""occupancy"":null,""dual"":1},""provenance_class"":""SNAPSHOT_IDENTIFIER_ONLY""}]",[],NOT_VERIFIABLE_FROM_SNAPSHOT,NOT_EVALUATED
138,UNIQUE_SIGNATURE_PARTNER,134,"[""134""]",true,[],[],NOT_VERIFIABLE_FROM_SNAPSHOT,NOT_EVALUATED
139,UNIQUE_SIGNATURE_PARTNER,135,"[""135""]",true,[],[],NOT_VERIFIABLE_FROM_SNAPSHOT,NOT_EVALUATED
152,UNIQUE_SIGNATURE_PARTNER,151,"[""151""]",true,"[{""id"":""7732"",""source_id"":""151"",""target_id"":""152"",""operator"":""snapshot_v6:0026"",""paths"":6,""source_signature"":{""kind"":""INTEGER"",""dim"":1,""recurrence_order"":0,""factor"":""2pi"",""symmetry"":null,""sq"":null,""anti"":null,""multiplicity"":1,""boundary_condition"":null,""occupancy"":null,""dual"":0},""target_signature"":{""kind"":""INTEGER"",""dim"":1,""recurrence_order"":0,""factor"":""2pi"",""symmetry"":null,""sq"":null,""anti"":null,""multiplicity"":1,""boundary_condition"":null,""occupancy"":null,""dual"":1},""provenance_class"":""SNAPSHOT_IDENTIFIER_ONLY""},{""id"":""7909"",""source_id"":""152"",""target_id"":""151"",""operator"":""snapshot_v6:0235"",""paths"":1,""source_signature"":{""kind"":""INTEGER"",""dim"":1,""recurrence_order"":0,""factor"":""2pi"",""symmetry"":null,""sq"":null,""anti"":null,""multiplicity"":1,""boundary_condition"":null,""occupancy"":null,""dual"":1},""target_signature"":{""kind"":""INTEGER"",""dim"":1,""recurrence_order"":0,""factor"":""2pi"",""symmetry"":null,""sq"":null,""anti"":null,""multiplicity"":1,""boundary_condition"":null,""occupancy"":null,""dual"":0},""provenance_class"":""SNAPSHOT_IDENTIFIER_ONLY""}]",[],NOT_VERIFIABLE_FROM_SNAPSHOT,NOT_EVALUATED
156,UNIQUE_SIGNATURE_PARTNER,154,"[""154""]",true,[],[],NOT_VERIFIABLE_FROM_SNAPSHOT,NOT_EVALUATED
158,UNIQUE_SIGNATURE_PARTNER,155,"[""155""]",true,[],[],NOT_VERIFIABLE_FROM_SNAPSHOT,NOT_EVALUATED
161,UNIQUE_SIGNATURE_PARTNER,160,"[""160""]",true,"[{""id"":""7919"",""source_id"":""160"",""target_id"":""161"",""operator"":""snapshot_v6:0251"",""paths"":1,""source_signature"":{""kind"":""INTEGER"",""dim"":1,""recurrence_order"":0,""factor"":""2pi"",""symmetry"":""S+a"",""sq"":null,""anti"":null,""multiplicity"":1,""boundary_condition"":null,""occupancy"":null,""dual"":0},""target_signature"":{""kind"":""INTEGER"",""dim"":1,""recurrence_order"":0,""factor"":""2pi"",""symmetry"":""S+a"",""sq"":null,""anti"":null,""multiplicity"":1,""boundary_condition"":null,""occupancy"":null,""dual"":1},""provenance_class"":""SNAPSHOT_IDENTIFIER_ONLY""}]",[],NOT_VERIFIABLE_FROM_SNAPSHOT,NOT_EVALUATED
166,UNIQUE_SIGNATURE_PARTNER,165,"[""165""]",true,"[{""id"":""7931"",""source_id"":""165"",""target_id"":""166"",""operator"":""snapshot_v6:0271"",""paths"":1,""source_signature"":{""kind"":""INTEGER"",""dim"":1,""recurrence_order"":0,""factor"":""2pi"",""symmetry"":""S-a"",""sq"":null,""anti"":null,""multiplicity"":2,""boundary_condition"":null,""occupancy"":null,""dual"":0},""target_signature"":{""kind"":""INTEGER"",""dim"":1,""recurrence_order"":0,""factor"":""2pi"",""symmetry"":""S-a"",""sq"":null,""anti"":null,""multiplicity"":2,""boundary_condition"":null,""occupancy"":null,""dual"":1},""provenance_class"":""SNAPSHOT_IDENTIFIER_ONLY""}]",[],NOT_VERIFIABLE_FROM_SNAPSHOT,NOT_EVALUATED
172,UNIQUE_SIGNATURE_PARTNER,170,"[""170""]",true,"[{""id"":""7937"",""source_id"":""170"",""target_id"":""172"",""operator"":""snapshot_v6:0281"",""paths"":1,""source_signature"":{""kind"":""INTEGER"",""dim"":1,""recurrence_order"":0,""factor"":""pi"",""symmetry"":null,""sq"":null,""anti"":null,""multiplicity"":1,""boundary_condition"":""D"",""occupancy"":null,""dual"":0},""target_signature"":{""kind"":""INTEGER"",""dim"":1,""recurrence_order"":0,""factor"":""pi"",""symmetry"":null,""sq"":null,""anti"":null,""multiplicity"":1,""boundary_condition"":""D"",""occupancy"":null,""dual"":1},""provenance_class"":""SNAPSHOT_IDENTIFIER_ONLY""}]",[],NOT_VERIFIABLE_FROM_SNAPSHOT,NOT_EVALUATED
174,UNIQUE_SIGNATURE_PARTNER,171,"[""171""]",true,"[{""id"":""7943"",""source_id"":""171"",""target_id"":""174"",""operator"":""snapshot_v6:0291"",""paths"":1,""source_signature"":{""kind"":""INTEGER"",""dim"":1,""recurrence_order"":0,""factor"":""pi"",""symmetry"":null,""sq"":null,""anti"":null,""multiplicity"":1,""boundary_condition"":""N"",""occupancy"":null,""dual"":0},""target_signature"":{""kind"":""INTEGER"",""dim"":1,""recurrence_order"":0,""factor"":""pi"",""symmetry"":null,""sq"":null,""anti"":null,""multiplicity"":1,""boundary_condition"":""N"",""occupancy"":null,""dual"":1},""provenance_class"":""SNAPSHOT_IDENTIFIER_ONLY""}]",[],NOT_VERIFIABLE_FROM_SNAPSHOT,NOT_EVALUATED
181,UNIQUE_SIGNATURE_PARTNER,180,"[""180""]",true,"[{""id"":""7913"",""source_id"":""180"",""target_id"":""181"",""operator"":""snapshot_v6:0241"",""paths"":1,""source_signature"":{""kind"":""INTEGER"",""dim"":1,""recurrence_order"":0,""factor"":""pi"",""symmetry"":""S+a"",""sq"":null,""anti"":null,""multiplicity"":1,""boundary_condition"":null,""occupancy"":null,""dual"":0},""target_signature"":{""kind"":""INTEGER"",""dim"":1,""recurrence_order"":0,""factor"":""pi"",""symmetry"":""S+a"",""sq"":null,""anti"":null,""multiplicity"":1,""boundary_condition"":null,""occupancy"":null,""dual"":1},""provenance_class"":""SNAPSHOT_IDENTIFIER_ONLY""}]",[],NOT_VERIFIABLE_FROM_SNAPSHOT,NOT_EVALUATED
186,UNIQUE_SIGNATURE_PARTNER,185,"[""185""]",true,"[{""id"":""7925"",""source_id"":""185"",""target_id"":""186"",""operator"":""snapshot_v6:0261"",""paths"":1,""source_signature"":{""kind"":""INTEGER"",""dim"":1,""recurrence_order"":0,""factor"":""pi"",""symmetry"":""S-a"",""sq"":null,""anti"":null,""multiplicity"":1,""boundary_condition"":null,""occupancy"":null,""dual"":0},""target_signature"":{""kind"":""INTEGER"",""dim"":1,""recurrence_order"":0,""factor"":""pi"",""symmetry"":""S-a"",""sq"":null,""anti"":null,""multiplicity"":1,""boundary_condition"":null,""occupancy"":null,""dual"":1},""provenance_class"":""SNAPSHOT_IDENTIFIER_ONLY""}]",[],NOT_VERIFIABLE_FROM_SNAPSHOT,NOT_EVALUATED
192,UNIQUE_SIGNATURE_PARTNER,191,"[""191""]",true,"[{""id"":""7734"",""source_id"":""191"",""target_id"":""192"",""operator"":""snapshot_v6:0029"",""paths"":6,""source_signature"":{""kind"":""WEIGHT"",""dim"":1,""recurrence_order"":0,""factor"":""2pi"",""symmetry"":null,""sq"":null,""anti"":null,""multiplicity"":1,""boundary_condition"":null,""occupancy"":null,""dual"":0},""target_signature"":{""kind"":""WEIGHT"",""dim"":1,""recurrence_order"":0,""factor"":""2pi"",""symmetry"":null,""sq"":null,""anti"":null,""multiplicity"":1,""boundary_condition"":null,""occupancy"":null,""dual"":1},""provenance_class"":""SNAPSHOT_IDENTIFIER_ONLY""},{""id"":""7911"",""source_id"":""192"",""target_id"":""191"",""operator"":""snapshot_v6:0237"",""paths"":1,""source_signature"":{""kind"":""WEIGHT"",""dim"":1,""recurrence_order"":0,""factor"":""2pi"",""symmetry"":null,""sq"":null,""anti"":null,""multiplicity"":1,""boundary_condition"":null,""occupancy"":null,""dual"":1},""target_signature"":{""kind"":""WEIGHT"",""dim"":1,""recurrence_order"":0,""factor"":""2pi"",""symmetry"":null,""sq"":null,""anti"":null,""multiplicity"":1,""boundary_condition"":null,""occupancy"":null,""dual"":0},""provenance_class"":""SNAPSHOT_IDENTIFIER_ONLY""}]",[],NOT_VERIFIABLE_FROM_SNAPSHOT,NOT_EVALUATED
196,UNIQUE_SIGNATURE_PARTNER,194,"[""194""]",true,[],[],NOT_VERIFIABLE_FROM_SNAPSHOT,NOT_EVALUATED
197,UNIQUE_SIGNATURE_PARTNER,195,"[""195""]",true,[],[],NOT_VERIFIABLE_FROM_SNAPSHOT,NOT_EVALUATED
201,UNIQUE_SIGNATURE_PARTNER,200,"[""200""]",true,"[{""id"":""7921"",""source_id"":""200"",""target_id"":""201"",""operator"":""snapshot_v6:0254"",""paths"":2,""source_signature"":{""kind"":""WEIGHT"",""dim"":1,""recurrence_order"":0,""factor"":""2pi"",""symmetry"":""S+a"",""sq"":null,""anti"":null,""multiplicity"":1,""boundary_condition"":null,""occupancy"":null,""dual"":0},""target_signature"":{""kind"":""WEIGHT"",""dim"":1,""recurrence_order"":0,""factor"":""2pi"",""symmetry"":""S+a"",""sq"":null,""anti"":null,""multiplicity"":1,""boundary_condition"":null,""occupancy"":null,""dual"":1},""provenance_class"":""SNAPSHOT_IDENTIFIER_ONLY""}]",[],NOT_VERIFIABLE_FROM_SNAPSHOT,NOT_EVALUATED
206,UNIQUE_SIGNATURE_PARTNER,205,"[""205""]",true,"[{""id"":""7933"",""source_id"":""205"",""target_id"":""206"",""operator"":""snapshot_v6:0274"",""paths"":2,""source_signature"":{""kind"":""WEIGHT"",""dim"":1,""recurrence_order"":0,""factor"":""2pi"",""symmetry"":""S-a"",""sq"":null,""anti"":null,""multiplicity"":2,""boundary_condition"":null,""occupancy"":null,""dual"":0},""target_signature"":{""kind"":""WEIGHT"",""dim"":1,""recurrence_order"":0,""factor"":""2pi"",""symmetry"":""S-a"",""sq"":null,""anti"":null,""multiplicity"":2,""boundary_condition"":null,""occupancy"":null,""dual"":1},""provenance_class"":""SNAPSHOT_IDENTIFIER_ONLY""}]",[],NOT_VERIFIABLE_FROM_SNAPSHOT,NOT_EVALUATED
212,UNIQUE_SIGNATURE_PARTNER,210,"[""210""]",true,"[{""id"":""7939"",""source_id"":""210"",""target_id"":""212"",""operator"":""snapshot_v6:0284"",""paths"":1,""source_signature"":{""kind"":""WEIGHT"",""dim"":1,""recurrence_order"":0,""factor"":""pi"",""symmetry"":null,""sq"":null,""anti"":null,""multiplicity"":1,""boundary_condition"":""D"",""occupancy"":null,""dual"":0},""target_signature"":{""kind"":""WEIGHT"",""dim"":1,""recurrence_order"":0,""factor"":""pi"",""symmetry"":null,""sq"":null,""anti"":null,""multiplicity"":1,""boundary_condition"":""D"",""occupancy"":null,""dual"":1},""provenance_class"":""SNAPSHOT_IDENTIFIER_ONLY""}]",[],NOT_VERIFIABLE_FROM_SNAPSHOT,NOT_EVALUATED
214,UNIQUE_SIGNATURE_PARTNER,211,"[""211""]",true,"[{""id"":""7945"",""source_id"":""211"",""target_id"":""214"",""operator"":""snapshot_v6:0294"",""paths"":1,""source_signature"":{""kind"":""WEIGHT"",""dim"":1,""recurrence_order"":0,""factor"":""pi"",""symmetry"":null,""sq"":null,""anti"":null,""multiplicity"":1,""boundary_condition"":""N"",""occupancy"":null,""dual"":0},""target_signature"":{""kind"":""WEIGHT"",""dim"":1,""recurrence_order"":0,""factor"":""pi"",""symmetry"":null,""sq"":null,""anti"":null,""multiplicity"":1,""boundary_condition"":""N"",""occupancy"":null,""dual"":1},""provenance_class"":""SNAPSHOT_IDENTIFIER_ONLY""}]",[],NOT_VERIFIABLE_FROM_SNAPSHOT,NOT_EVALUATED
221,UNIQUE_SIGNATURE_PARTNER,220,"[""220""]",true,"[{""id"":""7915"",""source_id"":""220"",""target_id"":""221"",""operator"":""snapshot_v6:0244"",""paths"":1,""source_signature"":{""kind"":""WEIGHT"",""dim"":1,""recurrence_order"":0,""factor"":""pi"",""symmetry"":""S+a"",""sq"":null,""anti"":null,""multiplicity"":1,""boundary_condition"":null,""occupancy"":null,""dual"":0},""target_signature"":{""kind"":""WEIGHT"",""dim"":1,""recurrence_order"":0,""factor"":""pi"",""symmetry"":""S+a"",""sq"":null,""anti"":null,""multiplicity"":1,""boundary_condition"":null,""occupancy"":null,""dual"":1},""provenance_class"":""SNAPSHOT_IDENTIFIER_ONLY""}]",[],NOT_VERIFIABLE_FROM_SNAPSHOT,NOT_EVALUATED
226,UNIQUE_SIGNATURE_PARTNER,225,"[""225""]",true,"[{""id"":""7927"",""source_id"":""225"",""target_id"":""226"",""operator"":""snapshot_v6:0264"",""paths"":1,""source_signature"":{""kind"":""WEIGHT"",""dim"":1,""recurrence_order"":0,""factor"":""pi"",""symmetry"":""S-a"",""sq"":null,""anti"":null,""multiplicity"":1,""boundary_condition"":null,""occupancy"":null,""dual"":0},""target_signature"":{""kind"":""WEIGHT"",""dim"":1,""recurrence_order"":0,""factor"":""pi"",""symmetry"":""S-a"",""sq"":null,""anti"":null,""multiplicity"":1,""boundary_condition"":null,""occupancy"":null,""dual"":1},""provenance_class"":""SNAPSHOT_IDENTIFIER_ONLY""}]",[],NOT_VERIFIABLE_FROM_SNAPSHOT,NOT_EVALUATED
233,UNIQUE_SIGNATURE_PARTNER,232,"[""232""]",true,"[{""id"":""8093"",""source_id"":""232"",""target_id"":""233"",""operator"":""snapshot_v6:0492"",""paths"":5,""source_signature"":{""kind"":""BUNDLE"",""dim"":2,""recurrence_order"":0,""factor"":""2pi"",""symmetry"":null,""sq"":null,""anti"":null,""multiplicity"":1,""boundary_condition"":null,""occupancy"":null,""dual"":0},""target_signature"":{""kind"":""BUNDLE"",""dim"":2,""recurrence_order"":0,""factor"":""2pi"",""symmetry"":null,""sq"":null,""anti"":null,""multiplicity"":1,""boundary_condition"":null,""occupancy"":null,""dual"":1},""provenance_class"":""SNAPSHOT_IDENTIFIER_ONLY""}]",[],NOT_VERIFIABLE_FROM_SNAPSHOT,NOT_EVALUATED
246,UNIQUE_SIGNATURE_PARTNER,245,"[""245""]",true,"[{""id"":""7950"",""source_id"":""245"",""target_id"":""246"",""operator"":""snapshot_v6:0303"",""paths"":1,""source_signature"":{""kind"":""INTEGER"",""dim"":2,""recurrence_order"":0,""factor"":""2pi"",""symmetry"":null,""sq"":null,""anti"":null,""multiplicity"":1,""boundary_condition"":null,""occupancy"":null,""dual"":0},""target_signature"":{""kind"":""INTEGER"",""dim"":2,""recurrence_order"":0,""factor"":""2pi"",""symmetry"":null,""sq"":null,""anti"":null,""multiplicity"":1,""boundary_condition"":null,""occupancy"":null,""dual"":1},""provenance_class"":""SNAPSHOT_IDENTIFIER_ONLY""}]",[],NOT_VERIFIABLE_FROM_SNAPSHOT,NOT_EVALUATED
258,UNIQUE_SIGNATURE_PARTNER,257,"[""257""]",true,"[{""id"":""7767"",""source_id"":""257"",""target_id"":""258"",""operator"":""snapshot_v6:0073"",""paths"":15,""source_signature"":{""kind"":""PRODUCT"",""dim"":2,""recurrence_order"":0,""factor"":""2pi"",""symmetry"":null,""sq"":null,""anti"":null,""multiplicity"":1,""boundary_condition"":null,""occupancy"":null,""dual"":0},""target_signature"":{""kind"":""PRODUCT"",""dim"":2,""recurrence_order"":0,""factor"":""2pi"",""symmetry"":null,""sq"":null,""anti"":null,""multiplicity"":1,""boundary_condition"":null,""occupancy"":null,""dual"":1},""provenance_class"":""SNAPSHOT_IDENTIFIER_ONLY""},{""id"":""7956"",""source_id"":""258"",""target_id"":""257"",""operator"":""snapshot_v6:0311"",""paths"":1,""source_signature"":{""kind"":""PRODUCT"",""dim"":2,""recurrence_order"":0,""factor"":""2pi"",""symmetry"":null,""sq"":null,""anti"":null,""multiplicity"":1,""boundary_condition"":null,""occupancy"":null,""dual"":1},""target_signature"":{""kind"":""PRODUCT"",""dim"":2,""recurrence_order"":0,""factor"":""2pi"",""symmetry"":null,""sq"":null,""anti"":null,""multiplicity"":1,""boundary_condition"":null,""occupancy"":null,""dual"":0},""provenance_class"":""SNAPSHOT_IDENTIFIER_ONLY""}]",[],NOT_VERIFIABLE_FROM_SNAPSHOT,NOT_EVALUATED
262,UNIQUE_SIGNATURE_PARTNER,260,"[""260""]",true,[],[],NOT_VERIFIABLE_FROM_SNAPSHOT,NOT_EVALUATED
263,UNIQUE_SIGNATURE_PARTNER,261,"[""261""]",true,[],[],NOT_VERIFIABLE_FROM_SNAPSHOT,NOT_EVALUATED
267,UNIQUE_SIGNATURE_PARTNER,266,"[""266""]",true,"[{""id"":""8012"",""source_id"":""266"",""target_id"":""267"",""operator"":""snapshot_v6:0390"",""paths"":3,""source_signature"":{""kind"":""PRODUCT"",""dim"":2,""recurrence_order"":0,""factor"":""2pi"",""symmetry"":""S+a"",""sq"":null,""anti"":null,""multiplicity"":1,""boundary_condition"":null,""occupancy"":null,""dual"":0},""target_signature"":{""kind"":""PRODUCT"",""dim"":2,""recurrence_order"":0,""factor"":""2pi"",""symmetry"":""S+a"",""sq"":null,""anti"":null,""multiplicity"":1,""boundary_condition"":null,""occupancy"":null,""dual"":1},""provenance_class"":""SNAPSHOT_IDENTIFIER_ONLY""}]",[],NOT_VERIFIABLE_FROM_SNAPSHOT,NOT_EVALUATED
272,UNIQUE_SIGNATURE_PARTNER,271,"[""271""]",true,"[{""id"":""8046"",""source_id"":""271"",""target_id"":""272"",""operator"":""snapshot_v6:0433"",""paths"":3,""source_signature"":{""kind"":""PRODUCT"",""dim"":2,""recurrence_order"":0,""factor"":""2pi"",""symmetry"":""S-a"",""sq"":null,""anti"":null,""multiplicity"":2,""boundary_condition"":null,""occupancy"":null,""dual"":0},""target_signature"":{""kind"":""PRODUCT"",""dim"":2,""recurrence_order"":0,""factor"":""2pi"",""symmetry"":""S-a"",""sq"":null,""anti"":null,""multiplicity"":2,""boundary_condition"":null,""occupancy"":null,""dual"":1},""provenance_class"":""SNAPSHOT_IDENTIFIER_ONLY""}]",[],NOT_VERIFIABLE_FROM_SNAPSHOT,NOT_EVALUATED
278,UNIQUE_SIGNATURE_PARTNER,276,"[""276""]",true,"[{""id"":""8061"",""source_id"":""276"",""target_id"":""278"",""operator"":""snapshot_v6:0452"",""paths"":1,""source_signature"":{""kind"":""PRODUCT"",""dim"":2,""recurrence_order"":0,""factor"":""pi"",""symmetry"":null,""sq"":null,""anti"":null,""multiplicity"":1,""boundary_condition"":""D"",""occupancy"":null,""dual"":0},""target_signature"":{""kind"":""PRODUCT"",""dim"":2,""recurrence_order"":0,""factor"":""pi"",""symmetry"":null,""sq"":null,""anti"":null,""multiplicity"":1,""boundary_condition"":""D"",""occupancy"":null,""dual"":1},""provenance_class"":""SNAPSHOT_IDENTIFIER_ONLY""}]",[],NOT_VERIFIABLE_FROM_SNAPSHOT,NOT_EVALUATED
280,UNIQUE_SIGNATURE_PARTNER,277,"[""277""]",true,"[{""id"":""8076"",""source_id"":""277"",""target_id"":""280"",""operator"":""snapshot_v6:0471"",""paths"":1,""source_signature"":{""kind"":""PRODUCT"",""dim"":2,""recurrence_order"":0,""factor"":""pi"",""symmetry"":null,""sq"":null,""anti"":null,""multiplicity"":1,""boundary_condition"":""N"",""occupancy"":null,""dual"":0},""target_signature"":{""kind"":""PRODUCT"",""dim"":2,""recurrence_order"":0,""factor"":""pi"",""symmetry"":null,""sq"":null,""anti"":null,""multiplicity"":1,""boundary_condition"":""N"",""occupancy"":null,""dual"":1},""provenance_class"":""SNAPSHOT_IDENTIFIER_ONLY""}]",[],NOT_VERIFIABLE_FROM_SNAPSHOT,NOT_EVALUATED
287,UNIQUE_SIGNATURE_PARTNER,286,"[""286""]",true,"[{""id"":""7993"",""source_id"":""286"",""target_id"":""287"",""operator"":""snapshot_v6:0366"",""paths"":2,""source_signature"":{""kind"":""PRODUCT"",""dim"":2,""recurrence_order"":0,""factor"":""pi"",""symmetry"":""S+a"",""sq"":null,""anti"":null,""multiplicity"":1,""boundary_condition"":null,""occupancy"":null,""dual"":0},""target_signature"":{""kind"":""PRODUCT"",""dim"":2,""recurrence_order"":0,""factor"":""pi"",""symmetry"":""S+a"",""sq"":null,""anti"":null,""multiplicity"":1,""boundary_condition"":null,""occupancy"":null,""dual"":1},""provenance_class"":""SNAPSHOT_IDENTIFIER_ONLY""}]",[],NOT_VERIFIABLE_FROM_SNAPSHOT,NOT_EVALUATED
293,UNIQUE_SIGNATURE_PARTNER,291,"[""291""]",true,"[{""id"":""8023"",""source_id"":""291"",""target_id"":""293"",""operator"":""snapshot_v6:0404"",""paths"":1,""source_signature"":{""kind"":""PRODUCT"",""dim"":2,""recurrence_order"":0,""factor"":""pi"",""symmetry"":""S-a"",""sq"":null,""anti"":null,""multiplicity"":1,""boundary_condition"":null,""occupancy"":null,""dual"":0},""target_signature"":{""kind"":""PRODUCT"",""dim"":2,""recurrence_order"":0,""factor"":""pi"",""symmetry"":""S-a"",""sq"":null,""anti"":null,""multiplicity"":1,""boundary_condition"":null,""occupancy"":null,""dual"":1},""provenance_class"":""SNAPSHOT_IDENTIFIER_ONLY""}]",[],NOT_VERIFIABLE_FROM_SNAPSHOT,NOT_EVALUATED
295,UNIQUE_SIGNATURE_PARTNER,292,"[""292""]",true,"[{""id"":""8031"",""source_id"":""292"",""target_id"":""295"",""operator"":""snapshot_v6:0414"",""paths"":1,""source_signature"":{""kind"":""PRODUCT"",""dim"":2,""recurrence_order"":0,""factor"":""pi"",""symmetry"":""S-a"",""sq"":null,""anti"":null,""multiplicity"":2,""boundary_condition"":null,""occupancy"":null,""dual"":0},""target_signature"":{""kind"":""PRODUCT"",""dim"":2,""recurrence_order"":0,""factor"":""pi"",""symmetry"":""S-a"",""sq"":null,""anti"":null,""multiplicity"":2,""boundary_condition"":null,""occupancy"":null,""dual"":1},""provenance_class"":""SNAPSHOT_IDENTIFIER_ONLY""}]",[],NOT_VERIFIABLE_FROM_SNAPSHOT,NOT_EVALUATED
302,UNIQUE_SIGNATURE_PARTNER,301,"[""301""]",true,"[{""id"":""7952"",""source_id"":""301"",""target_id"":""302"",""operator"":""snapshot_v6:0306"",""paths"":1,""source_signature"":{""kind"":""WEIGHT"",""dim"":2,""recurrence_order"":0,""factor"":""2pi"",""symmetry"":null,""sq"":null,""anti"":null,""multiplicity"":1,""boundary_condition"":null,""occupancy"":null,""dual"":0},""target_signature"":{""kind"":""WEIGHT"",""dim"":2,""recurrence_order"":0,""factor"":""2pi"",""symmetry"":null,""sq"":null,""anti"":null,""multiplicity"":1,""boundary_condition"":null,""occupancy"":null,""dual"":1},""provenance_class"":""SNAPSHOT_IDENTIFIER_ONLY""}]",[],NOT_VERIFIABLE_FROM_SNAPSHOT,NOT_EVALUATED
317,UNIQUE_SIGNATURE_PARTNER,316,"[""316""]",true,"[{""id"":""7964"",""source_id"":""316"",""target_id"":""317"",""operator"":""snapshot_v6:0325"",""paths"":5,""source_signature"":{""kind"":""PRODUCT"",""dim"":3,""recurrence_order"":0,""factor"":""2pi"",""symmetry"":null,""sq"":null,""anti"":null,""multiplicity"":1,""boundary_condition"":null,""occupancy"":null,""dual"":0},""target_signature"":{""kind"":""PRODUCT"",""dim"":3,""recurrence_order"":0,""factor"":""2pi"",""symmetry"":null,""sq"":null,""anti"":null,""multiplicity"":1,""boundary_condition"":null,""occupancy"":null,""dual"":1},""provenance_class"":""SNAPSHOT_IDENTIFIER_ONLY""}]",[],NOT_VERIFIABLE_FROM_SNAPSHOT,NOT_EVALUATED
332,UNIQUE_SIGNATURE_PARTNER,331,"[""331""]",true,"[{""id"":""8097"",""source_id"":""331"",""target_id"":""332"",""operator"":""snapshot_v6:0497"",""paths"":1,""source_signature"":{""kind"":""PRODUCT"",""dim"":4,""recurrence_order"":0,""factor"":""2pi"",""symmetry"":null,""sq"":null,""anti"":null,""multiplicity"":1,""boundary_condition"":null,""occupancy"":null,""dual"":0},""target_signature"":{""kind"":""PRODUCT"",""dim"":4,""recurrence_order"":0,""factor"":""2pi"",""symmetry"":null,""sq"":null,""anti"":null,""multiplicity"":1,""boundary_condition"":null,""occupancy"":null,""dual"":1},""provenance_class"":""SNAPSHOT_IDENTIFIER_ONLY""}]",[],NOT_VERIFIABLE_FROM_SNAPSHOT,NOT_EVALUATED
